DateTime;NAV officielle
04/01/2010;16,4000
05/01/2010;16,4500
06/01/2010;16,3100
07/01/2010;16,3500
08/01/2010;16,6300
11/01/2010;16,2600
12/01/2010;15,8400
13/01/2010;16,3000
14/01/2010;16,3400
15/01/2010;16,0800
19/01/2010;16,7100
20/01/2010;16,4200
21/01/2010;16,1800
22/01/2010;15,1200
25/01/2010;15,2100
26/01/2010;15,3400
27/01/2010;15,6200
28/01/2010;14,8800
29/01/2010;14,4300
01/02/2010;14,7700
02/02/2010;14,9800
03/02/2010;15,1600
04/02/2010;14,4100
05/02/2010;14,7500
08/02/2010;14,5200
09/02/2010;14,8100
10/02/2010;14,7800
11/02/2010;15,3300
12/02/2010;15,3800
16/02/2010;15,6800
17/02/2010;15,8900
18/02/2010;16,1500
19/02/2010;16,2800
22/02/2010;16,0800
23/02/2010;15,6800
24/02/2010;15,9700
25/02/2010;16,0800
26/02/2010;16,0300
01/03/2010;16,7300
02/03/2010;16,7200
03/03/2010;16,5600
04/03/2010;16,8100
05/03/2010;17,3400
08/03/2010;17,3200
09/03/2010;17,6100
10/03/2010;17,8000
11/03/2010;17,9000
12/03/2010;17,8100
15/03/2010;17,8600
16/03/2010;17,9500
17/03/2010;18,0400
18/03/2010;18,3700
19/03/2010;18,2500
22/03/2010;18,5700
23/03/2010;18,8300
24/03/2010;18,8700
25/03/2010;18,8200
26/03/2010;18,8100
29/03/2010;18,8700
30/03/2010;19,0700
31/03/2010;18,7300
01/04/2010;18,7500
05/04/2010;19,1400
06/04/2010;19,4000
07/04/2010;19,3600
08/04/2010;19,4100
09/04/2010;19,5500
12/04/2010;19,3400
13/04/2010;19,5700
14/04/2010;19,9600
15/04/2010;20,2500
16/04/2010;19,8200
19/04/2010;19,8900
20/04/2010;20,1000
21/04/2010;20,4200
22/04/2010;20,7700
23/04/2010;20,8900
26/04/2010;20,8100
27/04/2010;19,9500
28/04/2010;20,1500
29/04/2010;20,8000
30/04/2010;19,8500
03/05/2010;20,6600
04/05/2010;19,5900
05/05/2010;19,6400
06/05/2010;18,5600
07/05/2010;17,7700
10/05/2010;19,2800
11/05/2010;19,4700
12/05/2010;20,1900
13/05/2010;19,7500
14/05/2010;19,1800
17/05/2010;19,4900
18/05/2010;18,8600
19/05/2010;18,6400
20/05/2010;17,1800
21/05/2010;17,3000
24/05/2010;17,4100
25/05/2010;17,6100
26/05/2010;17,2700
27/05/2010;18,4900
28/05/2010;18,1800
01/06/2010;17,9000
02/06/2010;18,9100
03/06/2010;19,2300
04/06/2010;18,1900
07/06/2010;17,6700
08/06/2010;17,5900
09/06/2010;17,1100
10/06/2010;18,0200
11/06/2010;18,3800
14/06/2010;18,0700
15/06/2010;19,0400
16/06/2010;19,1800
17/06/2010;19,2300
18/06/2010;19,2400
21/06/2010;18,8862
22/06/2010;18,7282
23/06/2010;18,6620
24/06/2010;17,9525
25/06/2010;17,8681
28/06/2010;17,7572
29/06/2010;16,5497
30/06/2010;16,0043
01/07/2010;15,6518
02/07/2010;15,3619
06/07/2010;15,4155
07/07/2010;16,4162
08/07/2010;16,5120
09/07/2010;16,8770
12/07/2010;17,0584
13/07/2010;17,3918
14/07/2010;17,4664
15/07/2010;17,2954
16/07/2010;16,2339
19/07/2010;16,4972
20/07/2010;16,9957
21/07/2010;16,6471
22/07/2010;17,3670
23/07/2010;17,7193
26/07/2010;17,8368
27/07/2010;17,7390
28/07/2010;17,3920
29/07/2010;17,0710
30/07/2010;17,2136
02/08/2010;17,6501
03/08/2010;17,4674
04/08/2010;17,9003
05/08/2010;17,8040
06/08/2010;17,5825
09/08/2010;17,8714
10/08/2010;17,7851
11/08/2010;17,0180
12/08/2010;16,8463
13/08/2010;16,7078
16/08/2010;16,6452
17/08/2010;17,0569
18/08/2010;17,1802
19/08/2010;16,6462
20/08/2010;16,9340
23/08/2010;16,6460
24/08/2010;16,0019
25/08/2010;16,3626
26/08/2010;15,8212
27/08/2010;16,2511
30/08/2010;15,9331
31/08/2010;15,8210
01/09/2010;16,6210
02/09/2010;16,9856
03/09/2010;17,4896
07/09/2010;17,4120
08/09/2010;17,8294
09/09/2010;17,9555
10/09/2010;18,0900
13/09/2010;18,4411
14/09/2010;18,4199
15/09/2010;18,5541
16/09/2010;18,6133
17/09/2010;18,8410
20/09/2010;19,4291
21/09/2010;19,3508
22/09/2010;18,8259
23/09/2010;18,9245
24/09/2010;19,5119
27/09/2010;19,2688
28/09/2010;19,1878
29/09/2010;19,0482
30/09/2010;18,7640
01/10/2010;18,6070
04/10/2010;18,2992
05/10/2010;18,9933
06/10/2010;18,5847
07/10/2010;18,6103
08/10/2010;18,9060
11/10/2010;18,9554
12/10/2010;19,3105
13/10/2010;19,4302
14/10/2010;19,2064
15/10/2010;20,1203
18/10/2010;20,3059
19/10/2010;19,8942
20/10/2010;19,9427
21/10/2010;19,9772
22/10/2010;20,3599
25/10/2010;20,4588
26/10/2010;20,7283
27/10/2010;20,9981
28/10/2010;20,8912
29/10/2010;20,7883
01/11/2010;20,8803
02/11/2010;21,1279
03/11/2010;21,2809
04/11/2010;21,5375
05/11/2010;21,8110
08/11/2010;22,0639
09/11/2010;21,8036
10/11/2010;22,3666
11/11/2010;22,1129
12/11/2010;21,3432
15/11/2010;21,3795
16/11/2010;20,6925
17/11/2010;20,8449
18/11/2010;21,4393
19/11/2010;21,3560
22/11/2010;21,7584
23/11/2010;21,3396
24/11/2010;22,2923
26/11/2010;22,4518
29/11/2010;22,4719
30/11/2010;22,0185
01/12/2010;22,8913
02/12/2010;23,1775
03/12/2010;22,9305
06/12/2010;23,0648
07/12/2010;22,9537
08/12/2010;23,4196
09/12/2010;23,5078
10/12/2010;23,7227
13/12/2010;23,2578
14/12/2010;23,3722
15/12/2010;23,2542
16/12/2010;23,8235
17/12/2010;23,9090
20/12/2010;24,0996
21/12/2010;24,2881
22/12/2010;24,3840
23/12/2010;24,3138
27/12/2010;24,1485
28/12/2010;24,1284
29/12/2010;24,2107
30/12/2010;23,8172
31/12/2010;23,4124
03/01/2011;24,2774
04/01/2011;24,2979
05/01/2011;25,0313
06/01/2011;25,3984
07/01/2011;25,4829
10/01/2011;25,7374
11/01/2011;25,8473
12/01/2011;25,9532
13/01/2011;25,4346
14/01/2011;25,7778
18/01/2011;25,8367
19/01/2011;25,0788
20/01/2011;24,8514
21/01/2011;24,1529
24/01/2011;24,6691
25/01/2011;24,7499
26/01/2011;24,9327
27/01/2011;25,2014
28/01/2011;24,0998
31/01/2011;24,1895
01/02/2011;24,9512
02/02/2011;24,8365
03/02/2011;25,2102
04/02/2011;25,6830
07/02/2011;25,9466
08/02/2011;26,0166
09/02/2011;25,8916
10/02/2011;26,1711
11/02/2011;26,5971
14/02/2011;26,9170
15/02/2011;26,7393
16/02/2011;27,0929
17/02/2011;26,9632
18/02/2011;26,7333
22/02/2011;25,0694
23/02/2011;24,4817
24/02/2011;24,6928
25/02/2011;25,4757
28/02/2011;25,4563
01/03/2011;24,6511
02/03/2011;24,8050
03/03/2011;25,6533
04/03/2011;25,3054
07/03/2011;24,5763
08/03/2011;24,9804
09/03/2011;24,6258
10/03/2011;24,0214
11/03/2011;24,2640
14/03/2011;23,8529
15/03/2011;23,2160
16/03/2011;22,1255
17/03/2011;22,4111
18/03/2011;22,1414
21/03/2011;22,8934
22/03/2011;22,7533
23/03/2011;23,1494
24/03/2011;23,8672
25/03/2011;24,0493
28/03/2011;23,8352
29/03/2011;24,3659
30/03/2011;24,5488
31/03/2011;24,4334
01/04/2011;24,5925
04/04/2011;24,2650
05/04/2011;24,1738
06/04/2011;24,0272
07/04/2011;24,1324
08/04/2011;23,6507
11/04/2011;23,4857
12/04/2011;23,0882
13/04/2011;23,4432
14/04/2011;23,4037
15/04/2011;23,3956
18/04/2011;23,4301
19/04/2011;23,5443
20/04/2011;24,2507
21/04/2011;24,5501
25/04/2011;24,6973
26/04/2011;24,8383
27/04/2011;25,1740
28/04/2011;24,7931
29/04/2011;24,6521
02/05/2011;24,5606
03/05/2011;24,4086
04/05/2011;24,2476
05/05/2011;24,4402
06/05/2011;24,7833
09/05/2011;25,3643
10/05/2011;25,6339
11/05/2011;25,3523
12/05/2011;25,8473
13/05/2011;25,2145
16/05/2011;24,2826
17/05/2011;24,5404
18/05/2011;24,8027
19/05/2011;24,9438
20/05/2011;24,7319
23/05/2011;24,2256
24/05/2011;23,8102
25/05/2011;24,0257
26/05/2011;24,2849
27/05/2011;24,2235
31/05/2011;24,7730
01/06/2011;23,6634
02/06/2011;23,7247
03/06/2011;22,8252
06/06/2011;22,4122
07/06/2011;22,1824
08/06/2011;21,9836
09/06/2011;22,2078
10/06/2011;21,7299
13/06/2011;21,7269
14/06/2011;22,1168
15/06/2011;21,5836
16/06/2011;21,6307
17/06/2011;21,2451
20/06/2011;21,4564
21/06/2011;22,2824
22/06/2011;21,8730
23/06/2011;22,6968
24/06/2011;21,9075
27/06/2011;22,4146
28/06/2011;22,9487
29/06/2011;23,0692
30/06/2011;23,5134
01/07/2011;24,2759
05/07/2011;24,5101
06/07/2011;24,9330
07/07/2011;25,5419
08/07/2011;25,5851
11/07/2011;25,1301
12/07/2011;24,7505
13/07/2011;24,6240
14/07/2011;24,0636
15/07/2011;24,7791
18/07/2011;24,6852
19/07/2011;25,5290
20/07/2011;25,3020
21/07/2011;25,3251
22/07/2011;25,8767
25/07/2011;25,8133
26/07/2011;25,6601
27/07/2011;24,5210
28/07/2011;24,7633
29/07/2011;24,4565
01/08/2011;24,5304
02/08/2011;23,2288
03/08/2011;23,5288
04/08/2011;21,5925
05/08/2011;21,2869
08/08/2011;18,7001
09/08/2011;20,4700
10/08/2011;18,8644
11/08/2011;20,4440
12/08/2011;20,8029
15/08/2011;21,0700
16/08/2011;20,7855
17/08/2011;20,4690
18/08/2011;18,6158
19/08/2011;17,8674
22/08/2011;18,0248
23/08/2011;19,4938
24/08/2011;19,7617
25/08/2011;19,1613
26/08/2011;20,1222
29/08/2011;21,0150
30/08/2011;21,4216
31/08/2011;21,5380
01/09/2011;21,3346
02/09/2011;20,4135
06/09/2011;20,6580
07/09/2011;21,7219
08/09/2011;21,5862
09/09/2011;21,0386
12/09/2011;21,7465
13/09/2011;22,2029
14/09/2011;22,8530
15/09/2011;23,2342
16/09/2011;23,7393
19/09/2011;24,0894
20/09/2011;23,6513
21/09/2011;22,9135
22/09/2011;21,7812
23/09/2011;22,1349
26/09/2011;22,7584
27/09/2011;22,8719
28/09/2011;22,2651
29/09/2011;21,7434
30/09/2011;20,9436
03/10/2011;20,1025
04/10/2011;20,9477
05/10/2011;21,9272
06/10/2011;22,4725
07/10/2011;22,0244
10/10/2011;23,2520
11/10/2011;23,6125
12/10/2011;23,5888
13/10/2011;24,1465
14/10/2011;24,7894
17/10/2011;24,1797
18/10/2011;24,9553
19/10/2011;23,7357
20/10/2011;23,6977
21/10/2011;23,9568
24/10/2011;24,9732
25/10/2011;23,9189
26/10/2011;24,0426
27/10/2011;24,8024
28/10/2011;24,7746
31/10/2011;24,3132
01/11/2011;23,5000
02/11/2011;23,6903
03/11/2011;24,8202
04/11/2011;24,5518
07/11/2011;24,8704
08/11/2011;25,3756
09/11/2011;23,9459
10/11/2011;23,9002
11/11/2011;24,5351
14/11/2011;24,4120
15/11/2011;25,1662
16/11/2011;24,2741
17/11/2011;23,2124
18/11/2011;22,8267
21/11/2011;22,0591
22/11/2011;22,1146
23/11/2011;21,3493
25/11/2011;21,1716
28/11/2011;22,4689
29/11/2011;22,2379
30/11/2011;23,6942
01/12/2011;23,9667
02/12/2011;23,8870
05/12/2011;24,3315
06/12/2011;24,3706
07/12/2011;24,0188
08/12/2011;23,3690
09/12/2011;24,0112
12/12/2011;23,7248
13/12/2011;23,4595
14/12/2011;22,9660
15/12/2011;22,7574
16/12/2011;22,9044
19/12/2011;22,4823
20/12/2011;23,6670
21/12/2011;23,0948
22/12/2011;23,4267
23/12/2011;23,9030
27/12/2011;23,9647
28/12/2011;23,6356
29/12/2011;24,0691
30/12/2011;23,7959
03/01/2012;24,5832
04/01/2012;25,0219
05/01/2012;25,6651
06/01/2012;25,9820
09/01/2012;25,8139
10/01/2012;26,0969
11/01/2012;26,3922
12/01/2012;26,3778
13/01/2012;26,4243
17/01/2012;26,7441
18/01/2012;27,3031
19/01/2012;27,4930
20/01/2012;27,3291
23/01/2012;27,0622
24/01/2012;27,1268
25/01/2012;27,8469
26/01/2012;27,2115
27/01/2012;27,4205
30/01/2012;27,5360
31/01/2012;27,6429
01/02/2012;27,8659
02/02/2012;28,0911
03/02/2012;28,9687
06/02/2012;29,0448
07/02/2012;28,7692
08/02/2012;29,0538
09/02/2012;29,3570
10/02/2012;29,2301
13/02/2012;29,6798
14/02/2012;30,0361
15/02/2012;29,7373
16/02/2012;30,6367
17/02/2012;30,1672
21/02/2012;30,0731
22/02/2012;29,8821
23/02/2012;30,0685
24/02/2012;29,9472
27/02/2012;30,1530
28/02/2012;30,7032
29/02/2012;30,5738
01/03/2012;31,1522
02/03/2012;31,4030
05/03/2012;30,7020
06/03/2012;30,3597
07/03/2012;30,7923
08/03/2012;31,1212
09/03/2012;31,7133
12/03/2012;31,6647
13/03/2012;32,9465
14/03/2012;33,4236
15/03/2012;33,4665
16/03/2012;33,1599
19/03/2012;33,4782
20/03/2012;33,6378
21/03/2012;33,6966
22/03/2012;33,5512
23/03/2012;33,3046
26/03/2012;34,3417
27/03/2012;34,4514
28/03/2012;34,2602
29/03/2012;34,0677
30/03/2012;33,7973
02/04/2012;34,5537
03/04/2012;34,4222
04/04/2012;34,0520
05/04/2012;34,6281
09/04/2012;34,0384
10/04/2012;32,8989
11/04/2012;33,1195
12/04/2012;33,7633
13/04/2012;32,9754
16/04/2012;32,3181
17/04/2012;33,4065
18/04/2012;33,2695
19/04/2012;32,5005
20/04/2012;32,0804
23/04/2012;31,7368
24/04/2012;31,1965
25/04/2012;32,9147
26/04/2012;33,1810
27/04/2012;33,4949
30/04/2012;33,1222
02/05/2012;33,5999
03/05/2012;32,8765
04/05/2012;31,3522
07/05/2012;31,5379
08/05/2012;31,4423
09/05/2012;31,3915
10/05/2012;31,1999
11/05/2012;31,2306
14/05/2012;30,8724
15/05/2012;30,8268
16/05/2012;30,4517
17/05/2012;29,2876
18/05/2012;28,5476
21/05/2012;29,9712
22/05/2012;29,8498
23/05/2012;30,4497
24/05/2012;30,0760
25/05/2012;30,1412
29/05/2012;30,8343
30/05/2012;30,6760
31/05/2012;30,4413
01/06/2012;28,8590
04/06/2012;28,9950
05/06/2012;29,2865
06/06/2012;30,6007
07/06/2012;30,1822
08/06/2012;30,9799
11/06/2012;29,8582
12/06/2012;30,6733
13/06/2012;29,9464
14/06/2012;30,1872
15/06/2012;30,8552
18/06/2012;31,4718
19/06/2012;31,9099
20/06/2012;31,9052
21/06/2012;30,5278
22/06/2012;31,3797
25/06/2012;30,2526
26/06/2012;30,6604
27/06/2012;31,0695
28/06/2012;30,4462
29/06/2012;31,6699
02/07/2012;32,1660
03/07/2012;32,6150
05/07/2012;33,2422
06/07/2012;32,5557
09/07/2012;32,5216
10/07/2012;32,0193
11/07/2012;31,6807
12/07/2012;31,2154
13/07/2012;32,0248
16/07/2012;31,8351
17/07/2012;32,2631
18/07/2012;32,9708
19/07/2012;33,7269
20/07/2012;33,0211
23/07/2012;32,4447
24/07/2012;31,9668
25/07/2012;31,4143
26/07/2012;31,8260
27/07/2012;33,1646
31/07/2012;33,1935
01/08/2012;33,0564
02/08/2012;33,1840
03/08/2012;33,9718
06/08/2012;34,2258
07/08/2012;34,7877
08/08/2012;34,8848
09/08/2012;35,2106
10/08/2012;35,2856
13/08/2012;35,3208
14/08/2012;35,4192
15/08/2012;35,7314
16/08/2012;36,3376
17/08/2012;36,8492
20/08/2012;36,8217
21/08/2012;36,1001
22/08/2012;36,4246
23/08/2012;35,5400
24/08/2012;36,1361
27/08/2012;36,2503
28/08/2012;36,1090
29/08/2012;36,2548
30/08/2012;35,5538
31/08/2012;35,7226
04/09/2012;35,8315
05/09/2012;35,5902
06/09/2012;37,1086
07/09/2012;36,5068
10/09/2012;35,5951
11/09/2012;35,3398
12/09/2012;35,3997
13/09/2012;36,3519
14/09/2012;36,2872
17/09/2012;36,3496
18/09/2012;36,5994
19/09/2012;36,7624
20/09/2012;36,9996
21/09/2012;36,8909
24/09/2012;36,6374
25/09/2012;35,4895
26/09/2012;35,2427
27/09/2012;36,1957
28/09/2012;35,6093
01/10/2012;35,3742
02/10/2012;35,4435
03/10/2012;36,0302
04/10/2012;35,9894
05/10/2012;35,4146
08/10/2012;35,0230
09/10/2012;34,0813
10/10/2012;33,7370
11/10/2012;33,3977
12/10/2012;33,3563
15/10/2012;33,9170
16/10/2012;34,6365
17/10/2012;34,3078
18/10/2012;33,6022
19/10/2012;32,1360
22/10/2012;32,4232
23/10/2012;31,9950
24/10/2012;31,7300
25/10/2012;31,8029
26/10/2012;32,0675
30/10/2012;31,9490
31/10/2012;31,5679
01/11/2012;32,5654
02/11/2012;32,0331
05/11/2012;32,6065
06/11/2012;32,7565
07/11/2012;31,2337
08/11/2012;30,3386
09/11/2012;30,6549
12/11/2012;30,6145
13/11/2012;30,1516
14/11/2012;29,4063
15/11/2012;29,0858
16/11/2012;29,5124
19/11/2012;30,6857
20/11/2012;30,6954
21/11/2012;30,7921
23/11/2012;31,3766
26/11/2012;31,6441
27/11/2012;31,4916
28/11/2012;32,1146
29/11/2012;32,2974
30/11/2012;32,1756
03/12/2012;31,8653
04/12/2012;31,7331
05/12/2012;31,0669
06/12/2012;31,6981
07/12/2012;31,4621
10/12/2012;32,0078
11/12/2012;32,2730
12/12/2012;32,0123
13/12/2012;31,4055
14/12/2012;30,7387
17/12/2012;31,4561
18/12/2012;32,3049
19/12/2012;31,8465
20/12/2012;31,9602
21/12/2012;31,4206
24/12/2012;31,2111
26/12/2012;30,6542
27/12/2012;30,5561
28/12/2012;29,9464
31/12/2012;31,2873
02/01/2013;33,1613
03/01/2013;33,1774
04/01/2013;33,1150
07/01/2013;32,9671
08/01/2013;32,9159
09/01/2013;33,1899
10/01/2013;33,1572
11/01/2013;32,9248
14/01/2013;32,5686
15/01/2013;32,3072
16/01/2013;32,7122
17/01/2013;32,8564
18/01/2013;32,9255
22/01/2013;33,0032
23/01/2013;33,4009
24/01/2013;32,2358
25/01/2013;32,3032
28/01/2013;32,4678
29/01/2013;32,4559
30/01/2013;32,1206
31/01/2013;31,9397
01/02/2013;32,4069
04/02/2013;31,5860
05/02/2013;32,5924
06/02/2013;32,3648
07/02/2013;32,7639
08/02/2013;33,4805
11/02/2013;33,4631
12/02/2013;32,9610
13/02/2013;33,2978
14/02/2013;33,4785
15/02/2013;33,2933
19/02/2013;33,7427
20/02/2013;32,6676
21/02/2013;32,3435
22/02/2013;33,1104
25/02/2013;32,0960
26/02/2013;32,7344
27/02/2013;33,3276
28/02/2013;33,3517
01/03/2013;33,8066
04/03/2013;34,0262
05/03/2013;34,9618
06/03/2013;34,8736
07/03/2013;34,8242
08/03/2013;35,2112
11/03/2013;35,3138
12/03/2013;35,0163
13/03/2013;35,1584
14/03/2013;35,2895
15/03/2013;34,8585
18/03/2013;34,9697
19/03/2013;35,0359
20/03/2013;35,3300
21/03/2013;34,6099
22/03/2013;35,0638
25/03/2013;35,0841
26/03/2013;35,5851
27/03/2013;35,8966
28/03/2013;35,9491
01/04/2013;35,3792
02/04/2013;36,0001
03/04/2013;35,3166
04/04/2013;35,3096
05/04/2013;34,2703
08/04/2013;34,6373
09/04/2013;34,9894
10/04/2013;36,2785
11/04/2013;36,1583
12/04/2013;36,1712
15/04/2013;34,7023
16/04/2013;35,5951
17/04/2013;34,4039
18/04/2013;33,3054
19/04/2013;34,2452
22/04/2013;35,1111
23/04/2013;35,7873
24/04/2013;35,8081
25/04/2013;36,1462
26/04/2013;35,8847
29/04/2013;36,3456
30/04/2013;36,6312
02/05/2013;37,5448
03/05/2013;38,2993
06/05/2013;38,7540
07/05/2013;38,6068
08/05/2013;38,7463
09/05/2013;38,8373
10/05/2013;39,7341
13/05/2013;39,7290
14/05/2013;40,1500
15/05/2013;40,6965
16/05/2013;40,4320
17/05/2013;41,5336
20/05/2013;41,2052
21/05/2013;41,3086
22/05/2013;40,5453
23/05/2013;40,2551
24/05/2013;40,1528
28/05/2013;40,9500
29/05/2013;40,1364
30/05/2013;40,3204
31/05/2013;39,7994
03/06/2013;39,8321
04/06/2013;39,2459
05/06/2013;38,2333
06/06/2013;38,2573
07/06/2013;39,2360
10/06/2013;39,2991
11/06/2013;38,2550
12/06/2013;37,2245
13/06/2013;38,2709
14/06/2013;37,6611
17/06/2013;38,3413
18/06/2013;38,8522
19/06/2013;37,8670
20/06/2013;36,7228
21/06/2013;36,5133
24/06/2013;35,8689
25/06/2013;36,3841
26/06/2013;37,2895
27/06/2013;37,6270
28/06/2013;37,7100
01/07/2013;38,0780
02/07/2013;38,1397
03/07/2013;38,6307
05/07/2013;39,6203
08/07/2013;39,6018
09/07/2013;40,3333
10/07/2013;40,5558
11/07/2013;41,5510
12/07/2013;42,0422
15/07/2013;42,0779
16/07/2013;41,7233
17/07/2013;42,0746
18/07/2013;41,8757
19/07/2013;40,8288
22/07/2013;40,9322
23/07/2013;40,2155
24/07/2013;40,4199
25/07/2013;40,9664
26/07/2013;41,2644
29/07/2013;41,1036
30/07/2013;41,5511
31/07/2013;41,5939
01/08/2013;42,7102
02/08/2013;43,0184
05/08/2013;43,1669
06/08/2013;42,3683
07/08/2013;42,2436
08/08/2013;42,3918
09/08/2013;42,1842
12/08/2013;42,5637
13/08/2013;43,1927
14/08/2013;42,7837
15/08/2013;41,3723
16/08/2013;41,0555
19/08/2013;40,8872
20/08/2013;40,9888
21/08/2013;40,8532
22/08/2013;41,7618
23/08/2013;42,1803
26/08/2013;42,2262
27/08/2013;40,4584
28/08/2013;40,9559
29/08/2013;41,8848
30/08/2013;41,4842
03/09/2013;42,0557
04/09/2013;42,8169
05/09/2013;43,2209
06/09/2013;43,1859
09/09/2013;43,8760
10/09/2013;44,2490
11/09/2013;43,9922
12/09/2013;43,8499
13/09/2013;44,0857
16/09/2013;43,5088
17/09/2013;44,1289
18/09/2013;45,2522
19/09/2013;44,7737
20/09/2013;44,5239
23/09/2013;44,4257
24/09/2013;44,4053
25/09/2013;44,0772
26/09/2013;44,8707
27/09/2013;44,5673
30/09/2013;44,2511
01/10/2013;45,2623
02/10/2013;45,0495
03/10/2013;43,8471
04/10/2013;44,7235
07/10/2013;44,0535
08/10/2013;42,2771
09/10/2013;42,2254
10/10/2013;44,0441
11/10/2013;44,5422
14/10/2013;45,0719
15/10/2013;45,0290
16/10/2013;46,0978
17/10/2013;46,0589
18/10/2013;47,4186
21/10/2013;47,6900
22/10/2013;47,5106
23/10/2013;46,8896
24/10/2013;47,2733
25/10/2013;47,9093
28/10/2013;47,9010
29/10/2013;48,2186
30/10/2013;48,0323
31/10/2013;48,4346
01/11/2013;48,8786
04/11/2013;48,9354
05/11/2013;49,2061
06/11/2013;48,9607
07/11/2013;47,6200
08/11/2013;49,0449
11/11/2013;48,7144
12/11/2013;48,6788
13/11/2013;49,9751
14/11/2013;50,0678
15/11/2013;50,2248
18/11/2013;49,0456
19/11/2013;48,7810
20/11/2013;48,6940
21/11/2013;49,7340
22/11/2013;50,0624
25/11/2013;50,2870
26/11/2013;50,6204
27/11/2013;51,3057
29/11/2013;51,6613
02/12/2013;51,6804
03/12/2013;51,5064
04/12/2013;51,7340
05/12/2013;51,1960
06/12/2013;51,8729
09/12/2013;52,0860
10/12/2013;51,8286
11/12/2013;50,4260
12/12/2013;50,3074
13/12/2013;50,2774
16/12/2013;50,7507
17/12/2013;50,6461
18/12/2013;51,7052
19/12/2013;51,7326
20/12/2013;52,6890
23/12/2013;53,6853
24/12/2013;53,9513
26/12/2013;54,2020
27/12/2013;53,5510
30/12/2013;53,2909
31/12/2013;54,0829
02/01/2014;53,7104
03/01/2014;53,1329
06/01/2014;52,6599
07/01/2014;53,7272
08/01/2014;54,0436
09/01/2014;53,6462
10/01/2014;53,6804
13/01/2014;52,1655
14/01/2014;54,0511
15/01/2014;55,3126
16/01/2014;55,3265
17/01/2014;54,8873
21/01/2014;55,7440
22/01/2014;55,9689
23/01/2014;55,0618
24/01/2014;52,8297
27/01/2014;51,8976
28/01/2014;51,8338
29/01/2014;50,7870
30/01/2014;53,0042
31/01/2014;52,9923
03/02/2014;50,4028
04/02/2014;51,3104
05/02/2014;50,7924
06/02/2014;51,8469
07/02/2014;53,6844
10/02/2014;54,1726
11/02/2014;55,2624
12/02/2014;55,7979
13/02/2014;56,4661
14/02/2014;56,5170
18/02/2014;56,7702
19/02/2014;55,9376
20/02/2014;56,6916
21/02/2014;56,2681
24/02/2014;57,0524
25/02/2014;56,8158
26/02/2014;57,0151
27/02/2014;57,6717
28/02/2014;57,0123
03/03/2014;56,3170
04/03/2014;58,0295
05/03/2014;58,2677
06/03/2014;57,6494
07/03/2014;57,0132
10/03/2014;57,0292
11/03/2014;56,6233
12/03/2014;56,9474
13/03/2014;55,1494
14/03/2014;54,4431
17/03/2014;55,4723
18/03/2014;56,8670
19/03/2014;56,1447
20/03/2014;57,0024
21/03/2014;55,7419
24/03/2014;54,6415
25/03/2014;55,0366
26/03/2014;53,5845
27/03/2014;53,1733
28/03/2014;53,3704
31/03/2014;53,9813
01/04/2014;55,8405
02/04/2014;56,1803
03/04/2014;55,5136
04/04/2014;52,5993
07/04/2014;51,4703
08/04/2014;52,1663
09/04/2014;53,8906
10/04/2014;50,3056
11/04/2014;49,0989
14/04/2014;50,1468
15/04/2014;50,4962
16/04/2014;51,8717
17/04/2014;51,8042
21/04/2014;52,6624
22/04/2014;53,5448
23/04/2014;52,4692
24/04/2014;53,5104
25/04/2014;51,7118
28/04/2014;52,0357
29/04/2014;52,9892
30/04/2014;53,0414
02/05/2014;53,2047
05/05/2014;53,6879
06/05/2014;52,0353
07/05/2014;51,7785
08/05/2014;51,8786
09/05/2014;52,7314
12/05/2014;54,4286
13/05/2014;54,6285
14/05/2014;54,0729
15/05/2014;53,2044
16/05/2014;53,9085
19/05/2014;54,6986
20/05/2014;54,3325
21/05/2014;55,5278
22/05/2014;56,0255
23/05/2014;56,9421
27/05/2014;58,4284
28/05/2014;58,1638
29/05/2014;58,8217
30/05/2014;58,7247
02/06/2014;58,7750
03/06/2014;58,6257
04/06/2014;59,0463
05/06/2014;60,1276
06/06/2014;60,5836
09/06/2014;60,8206
10/06/2014;61,1970
11/06/2014;61,1750
12/06/2014;59,9913
13/06/2014;60,4698
16/06/2014;60,4158
17/06/2014;60,5782
18/06/2014;61,1972
19/06/2014;60,8028
20/06/2014;61,1147
23/06/2014;61,1168
24/06/2014;60,9113
25/06/2014;61,6381
26/06/2014;61,8264
27/06/2014;62,1590
30/06/2014;62,0922
01/07/2014;63,5982
02/07/2014;63,8949
03/07/2014;64,8833
07/07/2014;64,5330
08/07/2014;62,9104
09/07/2014;63,7331
10/07/2014;63,4932
11/07/2014;64,3038
14/07/2014;64,9833
15/07/2014;64,7580
16/07/2014;65,5116
17/07/2014;63,7813
18/07/2014;65,8569
21/07/2014;65,6043
22/07/2014;66,7810
23/07/2014;67,6290
24/07/2014;67,4973
25/07/2014;67,0632
28/07/2014;67,0942
29/07/2014;66,9631
30/07/2014;67,7045
31/07/2014;64,8488
01/08/2014;64,1838
04/08/2014;65,1884
05/08/2014;64,3245
06/08/2014;64,3654
07/08/2014;63,9045
08/08/2014;64,5995
11/08/2014;65,4687
12/08/2014;65,4475
13/08/2014;66,8085
14/08/2014;67,4835
15/08/2014;68,0937
18/08/2014;69,3152
19/08/2014;70,2838
20/08/2014;70,4683
21/08/2014;70,6999
22/08/2014;71,1846
25/08/2014;71,8802
26/08/2014;71,9988
27/08/2014;72,0545
28/08/2014;71,9576
29/08/2014;72,5672
02/09/2014;73,3046
03/09/2014;72,3335
04/09/2014;73,1122
05/09/2014;74,0118
08/09/2014;74,2667
09/09/2014;73,2372
10/09/2014;74,4232
11/09/2014;74,2002
12/09/2014;73,3646
15/09/2014;71,9337
16/09/2014;73,2452
17/09/2014;73,3751
18/09/2014;74,6537
19/09/2014;75,0160
22/09/2014;73,6851
23/09/2014;73,1001
24/09/2014;75,0219
25/09/2014;72,1354
26/09/2014;74,0935
29/09/2014;73,9159
30/09/2014;74,3338
01/10/2014;72,1657
02/10/2014;71,8726
03/10/2014;74,2016
06/10/2014;73,4483
07/10/2014;70,9930
08/10/2014;73,6235
09/10/2014;70,8543
10/10/2014;67,7919
13/10/2014;65,2990
14/10/2014;65,4460
15/10/2014;64,1420
16/10/2014;63,3318
17/10/2014;65,0893
20/10/2014;66,8810
21/10/2014;70,6713
22/10/2014;70,2413
23/10/2014;72,5728
24/10/2014;73,5324
27/10/2014;73,4211
28/10/2014;75,4122
29/10/2014;74,7442
30/10/2014;75,9480
31/10/2014;78,6605
03/11/2014;79,3568
04/11/2014;78,3091
05/11/2014;78,7422
06/11/2014;79,5550
07/11/2014;79,5625
10/11/2014;79,9717
11/11/2014;80,5087
12/11/2014;80,5026
13/11/2014;81,2129
14/11/2014;81,6207
17/11/2014;81,3296
18/11/2014;82,0012
19/11/2014;81,1857
20/11/2014;81,9409
21/11/2014;83,1403
24/11/2014;84,2662
25/11/2014;84,0857
26/11/2014;84,9498
28/11/2014;86,1521
01/12/2014;84,0877
02/12/2014;85,3032
03/12/2014;86,1424
04/12/2014;85,2995
05/12/2014;86,2538
08/12/2014;84,9538
09/12/2014;84,6897
10/12/2014;81,9856
11/12/2014;83,0550
12/12/2014;80,6864
15/12/2014;79,3197
16/12/2014;76,1932
17/12/2014;79,7383
18/12/2014;84,4545
19/12/2014;85,1174
22/12/2014;85,6238
23/12/2014;85,6233
24/12/2014;85,6822
26/12/2014;87,0522
29/12/2014;86,9194
30/12/2014;85,8091
31/12/2014;84,4026
02/01/2015;84,6700
05/01/2015;82,5419
06/01/2015;80,6661
07/01/2015;83,4114
08/01/2015;86,7237
09/01/2015;85,3010
12/01/2015;83,6568
13/01/2015;83,7584
14/01/2015;82,8948
15/01/2015;82,0357
16/01/2015;84,8015
20/01/2015;85,4243
21/01/2015;86,1735
22/01/2015;90,7265
23/01/2015;92,4081
26/01/2015;92,2407
27/01/2015;86,3646
28/01/2015;85,7779
29/01/2015;87,5023
30/01/2015;86,5284
02/02/2015;87,7402
03/02/2015;88,6240
04/02/2015;88,5031
05/02/2015;89,9709
06/02/2015;89,4837
09/02/2015;89,0148
10/02/2015;91,8697
11/02/2015;92,7341
12/02/2015;94,3562
13/02/2015;95,6711
17/02/2015;95,8202
18/02/2015;96,3784
19/02/2015;97,0489
20/02/2015;98,6113
23/02/2015;99,0095
24/02/2015;99,2321
25/02/2015;98,5895
26/02/2015;100,8337
27/02/2015;99,8253
02/03/2015;101,9347
03/03/2015;100,9248
04/03/2015;101,3724
05/03/2015;102,0321
06/03/2015;101,1464
09/03/2015;101,9285
10/03/2015;99,3117
11/03/2015;99,4573
12/03/2015;100,4946
13/03/2015;100,4022
16/03/2015;102,4264
17/03/2015;102,4129
18/03/2015;104,2274
19/03/2015;104,6253
20/03/2015;104,4405
23/03/2015;102,5615
24/03/2015;102,0718
25/03/2015;96,6539
26/03/2015;96,6356
27/03/2015;97,6821
30/03/2015;100,5021
31/03/2015;99,1042
01/04/2015;97,9077
02/04/2015;96,9951
06/04/2015;97,2056
07/04/2015;98,4409
08/04/2015;100,5407
09/04/2015;102,9125
10/04/2015;104,2599
13/04/2015;104,1742
14/04/2015;102,4373
15/04/2015;104,5279
16/04/2015;103,3699
17/04/2015;99,5337
20/04/2015;102,7146
21/04/2015;103,7005
22/04/2015;105,0295
23/04/2015;105,0321
24/04/2015;107,1976
27/04/2015;106,4552
28/04/2015;105,0557
29/04/2015;102,2311
30/04/2015;98,3741
04/05/2015;101,8101
05/05/2015;98,2886
06/05/2015;95,5362
07/05/2015;97,3690
08/05/2015;100,2759
11/05/2015;99,9641
12/05/2015;98,3298
13/05/2015;97,6689
14/05/2015;100,4483
15/05/2015;99,8779
18/05/2015;101,3797
19/05/2015;103,1946
20/05/2015;103,5016
21/05/2015;104,4303
22/05/2015;105,2481
26/05/2015;103,9034
27/05/2015;107,5215
28/05/2015;106,4756
29/05/2015;104,8805
01/06/2015;106,1691
02/06/2015;103,3587
03/06/2015;102,5961
04/06/2015;100,9525
05/06/2015;102,0688
08/06/2015;99,1290
09/06/2015;98,5980
10/06/2015;100,6744
11/06/2015;101,4206
12/06/2015;99,5667
15/06/2015;98,7530
16/06/2015;99,9436
17/06/2015;100,5394
18/06/2015;101,8295
19/06/2015;101,6575
22/06/2015;102,4162
23/06/2015;104,5819
24/06/2015;103,4594
25/06/2015;102,8969
26/06/2015;102,0188
29/06/2015;97,1800
30/06/2015;98,0068
01/07/2015;99,8409
02/07/2015;100,0030
06/07/2015;99,5927
07/07/2015;101,3325
08/07/2015;96,6347
09/07/2015;96,8238
10/07/2015;98,7138
13/07/2015;103,5368
14/07/2015;104,9717
15/07/2015;105,6136
16/07/2015;109,2485
17/07/2015;112,9406
20/07/2015;113,7009
21/07/2015;112,7127
22/07/2015;110,6627
23/07/2015;108,8283
24/07/2015;106,8000
27/07/2015;103,7021
28/07/2015;106,2040
29/07/2015;107,2612
30/07/2015;109,1261
31/07/2015;107,4394
03/08/2015;107,7744
04/08/2015;107,2861
05/08/2015;109,8967
06/08/2015;106,0004
07/08/2015;105,3512
10/08/2015;107,4141
11/08/2015;103,9907
12/08/2015;103,3207
13/08/2015;103,5059
14/08/2015;104,1816
17/08/2015;106,1735
18/08/2015;105,4972
19/08/2015;103,8438
20/08/2015;96,7794
21/08/2015;87,5554
24/08/2015;79,0783
25/08/2015;79,3340
26/08/2015;87,4444
27/08/2015;93,3680
28/08/2015;93,5008
31/08/2015;91,2876
01/09/2015;85,2186
02/09/2015;90,1337
03/09/2015;90,2931
04/09/2015;88,0117
08/09/2015;92,4283
09/09/2015;90,4187
10/09/2015;91,7898
11/09/2015;92,4141
14/09/2015;91,7507
15/09/2015;94,0994
16/09/2015;94,9385
17/09/2015;94,8143
18/09/2015;91,6691
21/09/2015;93,6832
22/09/2015;91,5024
23/09/2015;91,3823
24/09/2015;89,6926
25/09/2015;89,0668
28/09/2015;83,6885
29/09/2015;82,7841
30/09/2015;87,1897
01/10/2015;87,3854
02/10/2015;89,9136
05/10/2015;93,1449
06/10/2015;91,6562
07/10/2015;93,0107
08/10/2015;93,3870
09/10/2015;93,5970
12/10/2015;93,9753
13/10/2015;92,6927
14/10/2015;91,9274
15/10/2015;95,3538
16/10/2015;96,3116
19/10/2015;97,8954
20/10/2015;96,5653
21/10/2015;95,3873
22/10/2015;100,9891
23/10/2015;107,6474
26/10/2015;107,7936
27/10/2015;108,1655
28/10/2015;109,8542
29/10/2015;110,5368
30/10/2015;108,6408
02/11/2015;111,3258
03/11/2015;112,8879
04/11/2015;113,7918
05/11/2015;113,1466
06/11/2015;114,6414
09/11/2015;112,0793
10/11/2015;111,9575
11/11/2015;111,3570
12/11/2015;108,8336
13/11/2015;104,9333
16/11/2015;108,0224
17/11/2015;108,8039
18/11/2015;113,0260
19/11/2015;112,1754
23/11/2015;114,3541
24/11/2015;113,8500
25/11/2015;114,4297
27/11/2015;114,8987
30/11/2015;114,4582
01/12/2015;116,4837
02/12/2015;115,3785
03/12/2015;108,5916
04/12/2015;113,3636
07/12/2015;112,6437
08/12/2015;112,5026
09/12/2015;108,1083
10/12/2015;109,3405
11/12/2015;103,7970
14/12/2015;105,0048
15/12/2015;107,2894
16/12/2015;110,1985
17/12/2015;108,1343
18/12/2015;104,1041
21/12/2015;105,5109
22/12/2015;106,3586
23/12/2015;108,8598
24/12/2015;107,9839
28/12/2015;107,7704
29/12/2015;111,7032
30/12/2015;109,7585
31/12/2015;107,4750
04/01/2016;103,5896
05/01/2016;103,7576
06/01/2016;101,6146
07/01/2016;94,5435
08/01/2016;92,3812
11/01/2016;93,3639
12/01/2016;95,7999
13/01/2016;88,9282
14/01/2016;92,8406
15/01/2016;86,1930
19/01/2016;86,8528
20/01/2016;86,4073
21/01/2016;87,2584
22/01/2016;92,1965
25/01/2016;89,3723
26/01/2016;90,8278
27/01/2016;86,1290
28/01/2016;87,9763
29/01/2016;92,9114
01/02/2016;92,5935
02/02/2016;88,4906
03/02/2016;86,4441
04/02/2016;85,4074
05/02/2016;79,7240
08/02/2016;77,1581
09/02/2016;75,5559
10/02/2016;77,0507
11/02/2016;75,8988
12/02/2016;78,7721
16/02/2016;82,9101
17/02/2016;86,8217
18/02/2016;85,1112
19/02/2016;85,5697
22/02/2016;88,9517
23/02/2016;86,0887
24/02/2016;87,6809
25/02/2016;89,2792
26/02/2016;89,9138
29/02/2016;88,9545
01/03/2016;94,6160
02/03/2016;94,9206
03/03/2016;93,6426
04/03/2016;93,1042
07/03/2016;92,1915
08/03/2016;89,9922
09/03/2016;91,5244
10/03/2016;90,1397
11/03/2016;93,1809
14/03/2016;93,8559
15/03/2016;93,7983
16/03/2016;95,7344
17/03/2016;93,5131
18/03/2016;94,1661
21/03/2016;95,1117
22/03/2016;95,8459
23/03/2016;94,7602
24/03/2016;94,9814
28/03/2016;94,2100
29/03/2016;97,4561
30/03/2016;96,9942
31/03/2016;96,3333
01/04/2016;98,8500
04/04/2016;97,6843
05/04/2016;95,9545
06/04/2016;99,1000
07/04/2016;96,0421
08/04/2016;95,8071
11/04/2016;94,8018
14/04/2016;100,4749
15/04/2016;99,6576
18/04/2016;100,5241
19/04/2016;98,6806
25/04/2016;96,8231
26/04/2016;95,5693
27/04/2016;93,9870
28/04/2016;91,7073
29/04/2016;89,6505
02/05/2016;90,8145
03/05/2016;89,1289
04/05/2016;88,1383
05/05/2016;88,8330
06/05/2016;89,5026
09/05/2016;90,1448
10/05/2016;92,6922
11/05/2016;90,6603
12/05/2016;90,1259
13/05/2016;90,3007
16/05/2016;92,2895
17/05/2016;89,8800
18/05/2016;90,9852
19/05/2016;90,6280
20/05/2016;92,5492
23/05/2016;92,3158
24/05/2016;96,4461
25/05/2016;98,0014
26/05/2016;98,1538
27/05/2016;99,7211
31/05/2016;100,1943
01/06/2016;99,6606
02/06/2016;100,2669
03/06/2016;97,7920
06/06/2016;98,0864
07/06/2016;97,7267
10/06/2016;95,9528
13/06/2016;94,2658
14/06/2016;95,1336
15/06/2016;94,2594
16/06/2016;95,6415
17/06/2016;92,6257
20/06/2016;92,9724
21/06/2016;94,0784
22/06/2016;93,6115
23/06/2016;95,6962
24/06/2016;89,7595
27/06/2016;87,2958
28/06/2016;90,4006
29/06/2016;93,0885
30/06/2016;95,2901
01/07/2016;95,9572
05/07/2016;95,0136
06/07/2016;96,7987
07/07/2016;97,4331
08/07/2016;100,7824
11/07/2016;101,8333
12/07/2016;102,6339
13/07/2016;101,7845
14/07/2016;103,1414
15/07/2016;103,1531
18/07/2016;104,5262
19/07/2016;104,2876
20/07/2016;106,7457
21/07/2016;106,3843
22/07/2016;107,4540
25/07/2016;107,4650
26/07/2016;107,6410
27/07/2016;109,0047
28/07/2016;108,9410
29/07/2016;108,3742
01/08/2016;109,6481
02/08/2016;107,4476
03/08/2016;108,6599
04/08/2016;109,5144
05/08/2016;112,3855
08/08/2016;112,0223
09/08/2016;112,1543
10/08/2016;111,0698
11/08/2016;111,8352
12/08/2016;111,9989
15/08/2016;112,7498
16/08/2016;110,8072
17/08/2016;111,0419
18/08/2016;110,6727
19/08/2016;110,5868
22/08/2016;110,6428
23/08/2016;111,1693
24/08/2016;110,2779
25/08/2016;109,5775
26/08/2016;109,9660
29/08/2016;111,4388
30/08/2016;110,8838
31/08/2016;110,7887
01/09/2016;110,8287
02/09/2016;111,8146
06/09/2016;112,4520
07/09/2016;112,5269
08/09/2016;110,9043
09/09/2016;105,8270
12/09/2016;109,4995
13/09/2016;107,3576
14/09/2016;108,3681
19/09/2016;111,2746
20/09/2016;111,8055
21/09/2016;114,3802
22/09/2016;115,1016
23/09/2016;113,7827
26/09/2016;111,3270
27/09/2016;114,3312
28/09/2016;114,8022
29/09/2016;112,6640
30/09/2016;114,3156
03/10/2016;114,1286
04/10/2016;114,3989
05/10/2016;114,8255
06/10/2016;114,9620
07/10/2016;114,4286
10/10/2016;115,9896
11/10/2016;113,5748
12/10/2016;113,9354
13/10/2016;112,9603
14/10/2016;113,4855
17/10/2016;113,0013
18/10/2016;115,2402
19/10/2016;115,1533
20/10/2016;115,3983
21/10/2016;116,9004
24/10/2016;119,5371
25/10/2016;118,8998
26/10/2016;116,7640
27/10/2016;115,5835
28/10/2016;113,9935
31/10/2016;113,4242
01/11/2016;110,9636
02/11/2016;108,3614
03/11/2016;106,5183
04/11/2016;105,3914
07/11/2016;111,4005
08/11/2016;112,7304
09/11/2016;114,7143
10/11/2016;111,6769
11/11/2016;112,1511
14/11/2016;111,1460
15/11/2016;114,1553
16/11/2016;116,0728
17/11/2016;117,7373
18/11/2016;117,9287
21/11/2016;119,8805
22/11/2016;120,9736
23/11/2016;120,6377
25/11/2016;120,5963
28/11/2016;120,1866
29/11/2016;120,5848
30/11/2016;117,6422
01/12/2016;113,8447
02/12/2016;113,5679
05/12/2016;114,7143
06/12/2016;115,1224
07/12/2016;117,8153
08/12/2016;119,8762
09/12/2016;122,5423
12/12/2016;120,6225
13/12/2016;123,3057
14/12/2016;122,4398
15/12/2016;125,8528
16/12/2016;124,9652
19/12/2016;125,6317
20/12/2016;127,3093
21/12/2016;126,3791
22/12/2016;125,3470
23/12/2016;125,5653
27/12/2016;126,8869
28/12/2016;125,6410
29/12/2016;124,0835
30/12/2016;120,6675
03/01/2017;124,9443
04/01/2017;125,1907
05/01/2017;125,0971
06/01/2017;127,4936
09/01/2017;128,6464
10/01/2017;128,7189
11/01/2017;131,0104
12/01/2017;128,2764
13/01/2017;129,5369
17/01/2017;127,9175
18/01/2017;128,4783
19/01/2017;129,2240
20/01/2017;129,0166
23/01/2017;128,3023
24/01/2017;129,9849
25/01/2017;132,7099
26/01/2017;133,9003
27/01/2017;133,8257
30/01/2017;132,1745
31/01/2017;130,1060
01/02/2017;132,5167
02/02/2017;131,3638
03/02/2017;132,6283
06/02/2017;133,5413
07/02/2017;135,1335
08/02/2017;135,4432
09/02/2017;136,8904
10/02/2017;138,1809
13/02/2017;140,0321
14/02/2017;141,4443
16/02/2017;141,5833
17/02/2017;143,4254
21/02/2017;146,0730
22/02/2017;146,0548
23/02/2017;144,2949
24/02/2017;145,2073
27/02/2017;144,8400
28/02/2017;143,7149
01/03/2017;147,9937
02/03/2017;146,8649
03/03/2017;146,9135
06/03/2017;145,6777
07/03/2017;145,4192
08/03/2017;146,2263
09/03/2017;146,0992
10/03/2017;146,2415
13/03/2017;146,5278
14/03/2017;146,1958
15/03/2017;148,2454
16/03/2017;146,5562
17/03/2017;146,2991
20/03/2017;146,3624
21/03/2017;141,2270
22/03/2017;143,1900
23/03/2017;142,7089
24/03/2017;142,9263
27/03/2017;142,4031
28/03/2017;144,3766
29/03/2017;147,2116
30/03/2017;147,9232
31/03/2017;148,2677
03/04/2017;148,6403
04/04/2017;148,9818
05/04/2017;147,7735
06/04/2017;147,9720
07/04/2017;148,3891
10/04/2017;148,7941
11/04/2017;147,0968
12/04/2017;146,0394
13/04/2017;144,6811
17/04/2017;146,5782
18/04/2017;145,6874
19/04/2017;145,8912
20/04/2017;147,5383
21/04/2017;148,5319
24/04/2017;149,6717
25/04/2017;150,9559
26/04/2017;151,1945
27/04/2017;153,0440
28/04/2017;153,3826
01/05/2017;155,4867
02/05/2017;156,5047
03/05/2017;155,3968
04/05/2017;154,9111
05/05/2017;155,4012
08/05/2017;156,8425
09/05/2017;158,5083
10/05/2017;159,0155
11/05/2017;158,7174
12/05/2017;158,6153
15/05/2017;158,7928
16/05/2017;158,4932
17/05/2017;149,6925
18/05/2017;152,4185
19/05/2017;152,8417
22/05/2017;154,6625
23/05/2017;155,1377
24/05/2017;157,2361
25/05/2017;159,4535
26/05/2017;160,4451
30/05/2017;160,8486
31/05/2017;159,5502
01/06/2017;161,3491
02/06/2017;164,2245
05/06/2017;164,3406
06/06/2017;162,9470
07/06/2017;164,1718
08/06/2017;165,1879
09/06/2017;157,6543
12/06/2017;155,5373
13/06/2017;157,8295
14/06/2017;155,4814
15/06/2017;155,8402
16/06/2017;154,0970
19/06/2017;159,4369
20/06/2017;157,4719
21/06/2017;160,3129
22/06/2017;159,9536
23/06/2017;160,6183
26/06/2017;159,1423
27/06/2017;152,1325
28/06/2017;155,4590
29/06/2017;148,7558
30/06/2017;149,1640
03/07/2017;146,9733
05/07/2017;150,2472
06/07/2017;146,5415
07/07/2017;149,7882
10/07/2017;151,7921
11/07/2017;152,2094
12/07/2017;155,8874
13/07/2017;156,8691
14/07/2017;158,6796
17/07/2017;158,4127
18/07/2017;159,0611
19/07/2017;161,8885
20/07/2017;160,5418
21/07/2017;160,2305
24/07/2017;161,4652
25/07/2017;160,6147
26/07/2017;162,1339
27/07/2017;159,8096
28/07/2017;158,2667
31/07/2017;156,1488
01/08/2017;156,6480
02/08/2017;157,0198
03/08/2017;155,5439
04/08/2017;157,6864
07/08/2017;158,9250
08/08/2017;159,2820
09/08/2017;158,8286
10/08/2017;151,7717
11/08/2017;153,4818
14/08/2017;157,6157
15/08/2017;158,5690
16/08/2017;159,3153
17/08/2017;152,2948
18/08/2017;151,8929
21/08/2017;150,7754
22/08/2017;156,0045
23/08/2017;154,1894
24/08/2017;153,3951
25/08/2017;151,8962
28/08/2017;151,6380
29/08/2017;151,9907
30/08/2017;157,0953
31/08/2017;160,3932
01/09/2017;160,4804
05/09/2017;156,9341
06/09/2017;157,6740
07/09/2017;157,4595
08/09/2017;154,5834
11/09/2017;158,5755
12/09/2017;159,7593
13/09/2017;160,7199
14/09/2017;159,4180
15/09/2017;159,2047
18/09/2017;158,9400
19/09/2017;159,1389
20/09/2017;157,9823
21/09/2017;156,8786
22/09/2017;156,1220
25/09/2017;153,9627
26/09/2017;156,0364
27/09/2017;159,4921
28/09/2017;158,5145
29/09/2017;160,4790
02/10/2017;161,7677
03/10/2017;162,2376
04/10/2017;162,3834
05/10/2017;166,1977
06/10/2017;166,3426
09/10/2017;165,9298
10/10/2017;165,0590
11/10/2017;165,6360
12/10/2017;164,9763
13/10/2017;166,3358
16/10/2017;168,0508
17/10/2017;169,1455
18/10/2017;168,3193
19/10/2017;166,0231
20/10/2017;167,8395
23/10/2017;166,1520
24/10/2017;166,5897
25/10/2017;164,5040
26/10/2017;165,0569
27/10/2017;176,4884
30/10/2017;176,5924
31/10/2017;177,4445
01/11/2017;177,9426
02/11/2017;176,3670
03/11/2017;180,5767
06/11/2017;182,1182
07/11/2017;182,6705
08/11/2017;183,9672
09/11/2017;181,3908
10/11/2017;180,7458
13/11/2017;181,0915
14/11/2017;178,4133
15/11/2017;175,8316
16/11/2017;180,8683
17/11/2017;179,3101
20/11/2017;179,4563
21/11/2017;183,8011
22/11/2017;183,2829
24/11/2017;182,2608
27/11/2017;182,3202
28/11/2017;184,0734
29/11/2017;177,9454
30/11/2017;179,8952
01/12/2017;179,1740
04/12/2017;175,1833
05/12/2017;175,5290
06/12/2017;177,7270
07/12/2017;179,0252
08/12/2017;181,2144
11/12/2017;183,3157
12/12/2017;183,7464
13/12/2017;183,9238
14/12/2017;183,3827
15/12/2017;187,9273
18/12/2017;189,8880
19/12/2017;188,0077
20/12/2017;186,3795
21/12/2017;186,7328
22/12/2017;186,6949
26/12/2017;184,3056
27/12/2017;183,9638
28/12/2017;183,6390
29/12/2017;179,9955
02/01/2018;185,8796
03/01/2018;189,8965
04/01/2018;189,6196
05/01/2018;194,2031
08/01/2018;196,5095
09/01/2018;197,3442
10/01/2018;195,5782
11/01/2018;197,1978
12/01/2018;198,4703
16/01/2018;195,8023
17/01/2018;199,8443
18/01/2018;199,9432
19/01/2018;201,5234
22/01/2018;205,2703
23/01/2018;207,9511
24/01/2018;203,8250
25/01/2018;201,6596
26/01/2018;209,0292
29/01/2018;208,2107
30/01/2018;203,8813
31/01/2018;204,2520
01/02/2018;201,1763
02/02/2018;193,4457
05/02/2018;178,5131
06/02/2018;189,0539
07/02/2018;185,0551
08/02/2018;170,0166
09/02/2018;175,9910
12/02/2018;181,6532
13/02/2018;182,1249
14/02/2018;188,2419
15/02/2018;193,8611
16/02/2018;192,9414
20/02/2018;195,0932
21/02/2018;194,2523
22/02/2018;194,3880
23/02/2018;202,4978
26/02/2018;208,0590
27/02/2018;203,5905
28/02/2018;201,5747
01/03/2018;195,7340
02/03/2018;197,0932
05/03/2018;200,8487
06/03/2018;201,4968
07/03/2018;202,3972
08/03/2018;205,8237
09/03/2018;213,9358
12/03/2018;215,7228
13/03/2018;209,2593
14/03/2018;209,5495
15/03/2018;209,6266
16/03/2018;209,6462
19/03/2018;199,5130
20/03/2018;201,6871
21/03/2018;199,8586
22/03/2018;189,2116
23/03/2018;178,5712
26/03/2018;190,7665
27/03/2018;178,7541
28/03/2018;175,6035
29/03/2018;182,9198
02/04/2018;172,1105
03/04/2018;176,3035
04/04/2018;181,5079
05/04/2018;184,4797
06/04/2018;174,9320
09/04/2018;176,3090
10/04/2018;183,5461
11/04/2018;181,2203
12/04/2018;186,2305
13/04/2018;184,5069
16/04/2018;186,4729
17/04/2018;194,7081
18/04/2018;195,1408
19/04/2018;191,9803
20/04/2018;187,1843
23/04/2018;186,9549
24/04/2018;179,1542
25/04/2018;180,0291
26/04/2018;188,4554
27/04/2018;189,0039
30/04/2018;186,3685
02/05/2018;190,4956
03/05/2018;190,4866
04/05/2018;198,1288
07/05/2018;201,4475
08/05/2018;202,0714
09/05/2018;206,6830
10/05/2018;210,4752
11/05/2018;208,7940
14/05/2018;209,0350
15/05/2018;206,3010
16/05/2018;210,2648
17/05/2018;208,4793
18/05/2018;206,7135
21/05/2018;209,3812
22/05/2018;208,2338
23/05/2018;213,1137
24/05/2018;212,4919
25/05/2018;214,4321
29/05/2018;213,9398
30/05/2018;216,1062
31/05/2018;214,4362
01/06/2018;221,7633
04/06/2018;224,7997
05/06/2018;226,7817
06/06/2018;227,3240
07/06/2018;222,9045
08/06/2018;223,9918
11/06/2018;224,1629
12/06/2018;227,0864
13/06/2018;227,0713
14/06/2018;234,2180
15/06/2018;233,3261
18/06/2018;233,0562
19/06/2018;232,5611
20/06/2018;235,6363
21/06/2018;230,9528
22/06/2018;229,0416
25/06/2018;217,9357
26/06/2018;220,1642
27/06/2018;215,2961
28/06/2018;219,4569
29/06/2018;218,1740
02/07/2018;223,0072
03/07/2018;216,9473
05/07/2018;221,3074
06/07/2018;226,8622
09/07/2018;231,0957
10/07/2018;232,2667
11/07/2018;229,7717
12/07/2018;238,2588
13/07/2018;239,2066
16/07/2018;237,1691
17/07/2018;240,6210
18/07/2018;240,5399
19/07/2018;238,6741
20/07/2018;236,5781
23/07/2018;237,9684
24/07/2018;240,1601
25/07/2018;247,4615
26/07/2018;240,6137
27/07/2018;233,9659
30/07/2018;226,1276
31/07/2018;228,7822
01/08/2018;231,9102
02/08/2018;239,4732
03/08/2018;241,4296
06/08/2018;244,9509
07/08/2018;245,7704
08/08/2018;245,9802
09/08/2018;246,4507
10/08/2018;245,6731
13/08/2018;245,4969
14/08/2018;249,4893
15/08/2018;244,6891
16/08/2018;244,3346
17/08/2018;244,1737
20/08/2018;243,2087
21/08/2018;243,0570
22/08/2018;243,1772
23/08/2018;242,9460
24/08/2018;246,5039
27/08/2018;250,3788
28/08/2018;250,1721
29/08/2018;256,5636
30/08/2018;256,1719
31/08/2018;257,4463
04/09/2018;256,9858
05/09/2018;248,7640
06/09/2018;244,0271
07/09/2018;243,5118
10/09/2018;244,1646
11/09/2018;248,5170
12/09/2018;246,3454
13/09/2018;250,1538
14/09/2018;249,2319
17/09/2018;241,3647
18/09/2018;245,0530
19/09/2018;245,3971
20/09/2018;248,7937
21/09/2018;246,0844
24/09/2018;246,5743
25/09/2018;247,5949
26/09/2018;248,3495
27/09/2018;254,2670
28/09/2018;255,4776
01/10/2018;257,2849
02/10/2018;256,7846
03/10/2018;257,7713
04/10/2018;248,2078
05/10/2018;242,3642
08/10/2018;240,0648
09/10/2018;241,3426
10/10/2018;218,6491
11/10/2018;213,1131
12/10/2018;224,8894
15/10/2018;218,7955
16/10/2018;231,7590
17/10/2018;232,9055
18/10/2018;223,2480
19/10/2018;222,5570
22/10/2018;225,1482
23/10/2018;223,9270
24/10/2018;204,2885
25/10/2018;218,2651
26/10/2018;208,2070
29/10/2018;199,4029
30/10/2018;205,5995
31/10/2018;215,6997
01/11/2018;220,7076
02/11/2018;214,5489
05/11/2018;212,3471
06/11/2018;215,2386
07/11/2018;227,3477
08/11/2018;225,5791
09/11/2018;219,4406
12/11/2018;208,1630
13/11/2018;207,7104
14/11/2018;203,6412
15/11/2018;210,7414
16/11/2018;207,9043
19/11/2018;193,2793
20/11/2018;187,2141
21/11/2018;190,3050
23/11/2018;188,3008
26/11/2018;197,0509
27/11/2018;199,2534
28/11/2018;212,1484
29/11/2018;208,8001
30/11/2018;213,4148
03/12/2018;219,8264
04/12/2018;203,1140
06/12/2018;205,2085
07/12/2018;191,4999
10/12/2018;195,7261
11/12/2018;197,8745
12/12/2018;200,6070
13/12/2018;201,1875
14/12/2018;191,7206
17/12/2018;182,5102
18/12/2018;184,5441
19/12/2018;175,1708
20/12/2018;169,7279
21/12/2018;159,0443
24/12/2018;151,2471
26/12/2018;169,9678
27/12/2018;171,4269
28/12/2018;170,7814
31/12/2018;173,2417
02/01/2019;176,0912
03/01/2019;163,7403
04/01/2019;178,1510
07/01/2019;180,9187
08/01/2019;184,7761
09/01/2019;186,3885
10/01/2019;187,3451
11/01/2019;186,9352
14/01/2019;183,6209
15/01/2019;191,4192
16/01/2019;191,9786
17/01/2019;195,0945
18/01/2019;199,1517
22/01/2019;191,1469
23/01/2019;191,4378
24/01/2019;194,3776
25/01/2019;198,5076
28/01/2019;192,5301
29/01/2019;189,1496
30/01/2019;198,9837
31/01/2019;203,8920
01/02/2019;202,1359
04/02/2019;207,7690
05/02/2019;211,8995
06/02/2019;210,9712
07/02/2019;205,7755
08/02/2019;206,8319
11/02/2019;207,4968
12/02/2019;213,3781
13/02/2019;213,6594
14/02/2019;214,3365
15/02/2019;216,5430
19/02/2019;215,8036
20/02/2019;215,3864
21/02/2019;213,7346
22/02/2019;217,2439
25/02/2019;218,5545
26/02/2019;218,8012
27/02/2019;217,9506
28/02/2019;216,7238
01/03/2019;220,0006
04/03/2019;221,1787
05/03/2019;221,8412
06/03/2019;218,8673
07/03/2019;215,2450
08/03/2019;214,4809
11/03/2019;223,7171
12/03/2019;225,0139
13/03/2019;227,7720
14/03/2019;227,0159
15/03/2019;230,5738
18/03/2019;231,4926
19/03/2019;232,7468
20/03/2019;234,6484
21/03/2019;241,6006
22/03/2019;232,3803
25/03/2019;230,9304
26/03/2019;233,9356
27/03/2019;231,7770
28/03/2019;232,9115
29/03/2019;236,7375
01/04/2019;243,2295
02/04/2019;245,2948
03/04/2019;247,3760
04/04/2019;247,4208
05/04/2019;249,7655
08/04/2019;250,2159
09/04/2019;247,8859
10/04/2019;251,1712
11/04/2019;249,5642
12/04/2019;250,8152
15/04/2019;250,9097
16/04/2019;252,7843
17/04/2019;254,4218
18/04/2019;256,3333
22/04/2019;257,5615
23/04/2019;265,1697
24/04/2019;263,4649
25/04/2019;267,0373
26/04/2019;267,2435
29/04/2019;267,9299
30/04/2019;263,0042
02/05/2019;259,6275
03/05/2019;267,7244
06/05/2019;264,0112
07/05/2019;253,7119
08/05/2019;251,8907
09/05/2019;248,9675
10/05/2019;249,0115
13/05/2019;231,7314
14/05/2019;237,3036
15/05/2019;244,0433
16/05/2019;249,6791
17/05/2019;245,0668
20/05/2019;236,5892
21/05/2019;240,9923
22/05/2019;239,6047
23/05/2019;232,3870
24/05/2019;230,8032
28/05/2019;229,9069
29/05/2019;226,6404
30/05/2019;228,7909
31/05/2019;221,0066
03/06/2019;210,5406
04/06/2019;221,3015
05/06/2019;224,0809
06/06/2019;227,1215
07/06/2019;234,7931
10/06/2019;240,5756
11/06/2019;241,3369
12/06/2019;238,5157
13/06/2019;242,0367
14/06/2019;240,9940
17/06/2019;243,9678
18/06/2019;251,9232
19/06/2019;253,3566
20/06/2019;256,2591
21/06/2019;254,9988
24/06/2019;253,0047
25/06/2019;244,5059
26/06/2019;246,9047
27/06/2019;249,0282
28/06/2019;249,4905
01/07/2019;257,1806
02/07/2019;259,9773
03/07/2019;264,2030
05/07/2019;264,4359
08/07/2019;260,7768
09/07/2019;263,7257
10/07/2019;267,8024
11/07/2019;267,2808
12/07/2019;270,4185
15/07/2019;271,7295
16/07/2019;269,9064
17/07/2019;267,2207
18/07/2019;268,4069
19/07/2019;263,5903
22/07/2019;268,2386
23/07/2019;273,3438
24/07/2019;277,3566
25/07/2019;271,3532
26/07/2019;278,0972
29/07/2019;275,9601
30/07/2019;273,2375
31/07/2019;266,2202
01/08/2019;264,7587
02/08/2019;256,3568
05/08/2019;236,0204
06/08/2019;242,7699
07/08/2019;244,1115
08/08/2019;255,6382
09/08/2019;250,5223
12/08/2019;244,5224
13/08/2019;256,0039
14/08/2019;241,1821
15/08/2019;241,7295
16/08/2019;249,5164
19/08/2019;257,2568
20/08/2019;253,7454
21/08/2019;258,2025
22/08/2019;256,7599
23/08/2019;239,9457
26/08/2019;246,8656
27/08/2019;246,5354
28/08/2019;248,5249
29/08/2019;256,2535
30/08/2019;256,7382
03/09/2019;252,3539
04/09/2019;258,0467
05/09/2019;267,3470
06/09/2019;266,5458
09/09/2019;264,8793
10/09/2019;264,0424
11/09/2019;270,0694
12/09/2019;271,3226
13/09/2019;268,3253
16/09/2019;267,5872
17/09/2019;268,7753
18/09/2019;268,4935
19/09/2019;269,4443
20/09/2019;265,2106
23/09/2019;265,1960
24/09/2019;257,7772
25/09/2019;264,9492
26/09/2019;263,1823
27/09/2019;256,9186
30/09/2019;262,4975
01/10/2019;257,7275
02/10/2019;248,1240
03/10/2019;253,0371
04/10/2019;260,8036
07/10/2019;258,4285
08/10/2019;251,1998
09/10/2019;256,3370
10/10/2019;258,8502
11/10/2019;265,2136
14/10/2019;265,3005
15/10/2019;271,7873
16/10/2019;269,8982
17/10/2019;269,7732
18/10/2019;264,1881
21/10/2019;268,7829
22/10/2019;264,6793
23/10/2019;266,0167
24/10/2019;271,4942
25/10/2019;276,0706
28/10/2019;281,5722
29/10/2019;276,5890
30/10/2019;278,8657
31/10/2019;278,0826
01/11/2019;283,0542
04/11/2019;286,7912
05/11/2019;288,8368
06/11/2019;287,8971
07/11/2019;290,4709
08/11/2019;293,6478
11/11/2019;292,2321
12/11/2019;294,3738
13/11/2019;294,1548
14/11/2019;294,2697
15/11/2019;297,0245
18/11/2019;297,1148
19/11/2019;297,8665
20/11/2019;294,4574
21/11/2019;292,8812
22/11/2019;294,4512
25/11/2019;302,0935
26/11/2019;303,0074
27/11/2019;307,6837
29/11/2019;303,9208
02/12/2019;295,7753
03/12/2019;291,5789
04/12/2019;294,4421
05/12/2019;295,2179
06/12/2019;302,7144
09/12/2019;299,5949
10/12/2019;298,4490
11/12/2019;301,9790
12/12/2019;305,7576
13/12/2019;306,7212
16/12/2019;312,6057
17/12/2019;312,5259
18/12/2019;313,6373
19/12/2019;318,3105
20/12/2019;322,0075
23/12/2019;323,1672
24/12/2019;323,3428
26/12/2019;328,9124
27/12/2019;326,4394
30/12/2019;320,6658
31/12/2019;321,7462
02/01/2020;332,7677
03/01/2020;327,9177
06/01/2020;331,1993
07/01/2020;332,4990
08/01/2020;338,1062
09/01/2020;344,4871
10/01/2020;342,3589
13/01/2020;349,5947
14/01/2020;347,0873
15/01/2020;346,3006
16/01/2020;353,4507
17/01/2020;358,7057
21/01/2020;357,9525
22/01/2020;360,3758
23/01/2020;363,5684
24/01/2020;358,2429
27/01/2020;343,7013
28/01/2020;354,7356
29/01/2020;355,6104
30/01/2020;357,1500
31/01/2020;344,3473
03/02/2020;355,3986
04/02/2020;372,2290
05/02/2020;376,1459
06/02/2020;383,3796
07/02/2020;380,3289
10/02/2020;391,0736
11/02/2020;391,4390
12/02/2020;400,0001
13/02/2020;400,2982
14/02/2020;402,7186
18/02/2020;404,0028
19/02/2020;412,8127
20/02/2020;404,6501
21/02/2020;387,6275
24/02/2020;357,2283
25/02/2020;337,6575
26/02/2020;340,5884
27/02/2020;303,6067
28/02/2020;305,4495
02/03/2020;331,0571
03/03/2020;308,6106
04/03/2020;335,2136
05/03/2020;313,1147
06/03/2020;299,6374
09/03/2020;256,2338
10/03/2020;285,4259
11/03/2020;261,9899
12/03/2020;217,2481
13/03/2020;261,3057
16/03/2020;196,3028
17/03/2020;225,0279
18/03/2020;209,6730
19/03/2020;218,9608
20/03/2020;201,5591
23/03/2020;200,9409
24/03/2020;231,5230
25/03/2020;225,5997
26/03/2020;247,0561
27/03/2020;227,0237
30/03/2020;245,6514
31/03/2020;242,2376
01/04/2020;222,9172
02/04/2020;233,1758
03/04/2020;227,9600
06/04/2020;261,8353
07/04/2020;257,3756
08/04/2020;269,3550
09/04/2020;268,0876
13/04/2020;275,1362
14/04/2020;297,0196
15/04/2020;291,8608
16/04/2020;304,6757
17/04/2020;308,7313
20/04/2020;301,4965
21/04/2020;279,6327
22/04/2020;297,9788
23/04/2020;296,3613
24/04/2020;306,7534
27/04/2020;309,4899
28/04/2020;298,4950
29/04/2020;318,8584
30/04/2020;317,2123
04/05/2020;306,2248
05/05/2020;315,1032
06/05/2020;320,2612
07/05/2020;329,2334
08/05/2020;334,9836
11/05/2020;342,1572
12/05/2020;326,9192
13/05/2020;319,8817
14/05/2020;327,3812
15/05/2020;331,4628
18/05/2020;343,1805
19/05/2020;337,9325
20/05/2020;350,2148
21/05/2020;343,8901
22/05/2020;348,1425
26/05/2020;343,3423
27/05/2020;347,5104
28/05/2020;343,0946
29/05/2020;351,0500
01/06/2020;353,7573
02/06/2020;356,5972
03/06/2020;358,9528
04/06/2020;349,5844
05/06/2020;364,7070
08/06/2020;370,8120
09/06/2020;373,9497
10/06/2020;383,5672
11/06/2020;344,2665
12/06/2020;353,8734
15/06/2020;361,2301
16/06/2020;375,2189
17/06/2020;378,2117
18/06/2020;380,5442
19/06/2020;381,5656
22/06/2020;388,5537
23/06/2020;391,6817
24/06/2020;377,6931
25/06/2020;387,3082
26/06/2020;368,2892
29/06/2020;375,1686
30/06/2020;390,4744
01/07/2020;398,8364
02/07/2020;404,9435
06/07/2020;422,0999
07/07/2020;416,8865
08/07/2020;426,6034
09/07/2020;434,9501
10/07/2020;440,5804
13/07/2020;419,6224
14/07/2020;425,4250
15/07/2020;425,6332
16/07/2020;419,1324
17/07/2020;420,9520
20/07/2020;444,5138
21/07/2020;433,0074
22/07/2020;432,0559
23/07/2020;408,8738
24/07/2020;400,2972
27/07/2020;409,4977
28/07/2020;400,2505
29/07/2020;408,5665
30/07/2020;411,9448
31/07/2020;425,5032
03/08/2020;440,3727
04/08/2020;443,0072
05/08/2020;440,5392
06/08/2020;453,3778
07/08/2020;445,3467
10/08/2020;441,8038
11/08/2020;425,1334
12/08/2020;445,7032
13/08/2020;446,1146
14/08/2020;445,3690
17/08/2020;453,7717
18/08/2020;460,6171
19/08/2020;455,0423
20/08/2020;470,1348
21/08/2020;479,0445
24/08/2020;483,5071
25/08/2020;491,0450
26/08/2020;512,2981
27/08/2020;509,5898
28/08/2020;510,8654
31/08/2020;517,9454
01/09/2020;533,3745
02/09/2020;550,1677
03/09/2020;492,7620
04/09/2020;481,8634
08/09/2020;435,9851
09/09/2020;461,1893
10/09/2020;439,3042
11/09/2020;435,4778
14/09/2020;448,9360
15/09/2020;462,6176
16/09/2020;447,9351
17/09/2020;435,3956
18/09/2020;422,1633
21/09/2020;429,7942
22/09/2020;447,3907
23/09/2020;420,2280
24/09/2020;426,3378
25/09/2020;447,1297
28/09/2020;463,2007
29/09/2020;456,4554
30/09/2020;464,2893
01/10/2020;477,4269
02/10/2020;451,2243
05/10/2020;468,3863
06/10/2020;450,7440
07/10/2020;468,8467
08/10/2020;473,2595
09/10/2020;484,8577
12/10/2020;514,8697
13/10/2020;517,4375
14/10/2020;508,3752
15/10/2020;503,5689
16/10/2020;498,7537
19/10/2020;477,8121
20/10/2020;479,4398
21/10/2020;476,6306
22/10/2020;478,3121
23/10/2020;480,4086
26/10/2020;465,6321
27/10/2020;472,6466
28/10/2020;438,4637
29/10/2020;458,5651
30/10/2020;434,8305
02/11/2020;437,7611
03/11/2020;449,5390
04/11/2020;490,0899
05/11/2020;510,1074
06/11/2020;509,3097
09/11/2020;489,3740
10/11/2020;472,4725
11/11/2020;496,9410
12/11/2020;489,2425
13/11/2020;498,0770
16/11/2020;503,6455
17/11/2020;498,9770
18/11/2020;492,2804
19/11/2020;501,3089
20/11/2020;494,1005
23/11/2020;495,5094
24/11/2020;507,6621
25/11/2020;512,5593
27/11/2020;519,3982
30/11/2020;519,6378
01/12/2020;532,2255
02/12/2020;530,3416
03/12/2020;527,7635
04/12/2020;533,7625
07/12/2020;539,8810
08/12/2020;544,1447
09/12/2020;522,1451
10/12/2020;523,2121
11/12/2020;521,9235
14/12/2020;528,5085
15/12/2020;538,6252
16/12/2020;543,2754
17/12/2020;547,8268
18/12/2020;547,1754
21/12/2020;543,9949
22/12/2020;548,3200
23/12/2020;541,9437
24/12/2020;547,0326
28/12/2020;556,5792
29/12/2020;555,7382
